{"$schema":"http://schema.management.azure.com/schemas/2015-01-01/deploymentTemplate.json#","contentVersion":"1.0.0.0","parameters":{},"variables":{},"resources":[{"name":"WeatherHourlyPipeline","type":"pipelines","apiVersion":"2018-06-01","properties":{"activities":[{"name":"Data_Crawler","description":"Runs crawler to drop latest CSV into Files/weather_data_bronze.","type":"TridentNotebook","dependsOn":[],"policy":{"timeout":"00:10:00","retry":2,"retryIntervalInSeconds":120,"secureOutput":false,"secureInput":false},"typeProperties":{"notebookId":"9a1e8c33-0b14-4b7b-bbb4-b3468269f4b5","workspaceId":"abec62f6-1fc0-46ba-a00e-3d9b73229de3"}},{"name":"Refresh_Weather_Dataflow","description":"Refreshes Silver (append) + Gold (dedup)","type":"RefreshDataflow","dependsOn":[],"policy":{"timeout":"00:20:00","retry":2,"retryIntervalInSeconds":60,"secureOutput":false,"secureInput":false},"typeProperties":{"dataflowId":"1bbe17a5-f456-43f2-ad7a-0d8162968785","workspaceId":"abec62f6-1fc0-46ba-a00e-3d9b73229de3","notifyOption":"NoNotification","dataflowType":"DataflowFabric"}},{"name":"Wait","type":"Wait","dependsOn":[{"activity":"Refresh_Weather_Dataflow","dependencyConditions":["Completed"]},{"activity":"Data_Crawler","dependencyConditions":["Completed"]}],"typeProperties":{"waitTimeInSeconds":20}}],"lastModifiedByObjectId":"cbc5a11c-083f-40f1-ba04-a7558f8f837c","lastPublishTime":"2025-08-26T21:20:30Z"},"dependsOn":[]}]}