{"$schema":"http://schema.management.azure.com/schemas/2015-01-01/deploymentTemplate.json#","contentVersion":"1.0.0.0","parameters":{},"variables":{},"resources":[{"name":"hourly_weather_pipeline","type":"pipelines","apiVersion":"2018-06-01","properties":{"activities":[{"name":"hourly_crawler","type":"TridentNotebook","dependsOn":[],"policy":{"timeout":"00:10:00","retry":2,"retryIntervalInSeconds":120,"secureOutput":false,"secureInput":false},"typeProperties":{"notebookId":"742ac099-be32-4a18-9b07-6eee1d2e146c","workspaceId":"e406e233-b34a-489d-8cd5-8851d4e2a74a"}},{"name":"Wait_05_sec","type":"Wait","dependsOn":[{"activity":"hourly_crawler","dependencyConditions":["Completed"]}],"typeProperties":{"waitTimeInSeconds":5}},{"name":"hourly_data_etl","type":"RefreshDataflow","dependsOn":[{"activity":"Wait_05_sec","dependencyConditions":["Completed"]}],"policy":{"timeout":"00:10:00","retry":2,"retryIntervalInSeconds":180,"secureOutput":false,"secureInput":false},"typeProperties":{"dataflowId":"ad0538c5-5548-4849-9a4a-12c328f7c907","workspaceId":"e406e233-b34a-489d-8cd5-8851d4e2a74a","notifyOption":"NoNotification","dataflowType":"DataflowFabric"}}],"lastModifiedByObjectId":"cbc5a11c-083f-40f1-ba04-a7558f8f837c","lastPublishTime":"2025-09-01T05:01:21Z"},"dependsOn":[]}]}