{"$schema":"http://schema.management.azure.com/schemas/2015-01-01/deploymentTemplate.json#","contentVersion":"1.0.0.0","parameters":{},"variables":{},"resources":[{"name":"Weather_DataPipeline","type":"pipelines","apiVersion":"2018-06-01","properties":{"activities":[{"name":"forecast_crawler","type":"TridentNotebook","dependsOn":[],"policy":{"timeout":"00:10:00","retry":2,"retryIntervalInSeconds":120,"secureOutput":false,"secureInput":false},"typeProperties":{"notebookId":"279679b2-8ea5-4d60-81d3-e039c8210c7a","workspaceId":"e406e233-b34a-489d-8cd5-8851d4e2a74a"}},{"name":"weather_crawler","type":"TridentNotebook","dependsOn":[{"activity":"Wait_05_sec","dependencyConditions":["Completed"]}],"policy":{"timeout":"00:10:00","retry":2,"retryIntervalInSeconds":120,"secureOutput":false,"secureInput":false},"typeProperties":{"notebookId":"602c0bb5-cc0d-4654-9a7b-2e07b6e1a700","workspaceId":"e406e233-b34a-489d-8cd5-8851d4e2a74a"}},{"name":"Wait_20_sec","type":"Wait","dependsOn":[{"activity":"weather_crawler","dependencyConditions":["Completed"]}],"typeProperties":{"waitTimeInSeconds":20}},{"name":"etl_weather","type":"RefreshDataflow","dependsOn":[{"activity":"Wait_20_sec","dependencyConditions":["Completed"]}],"policy":{"timeout":"00:20:00","retry":2,"retryIntervalInSeconds":180,"secureOutput":false,"secureInput":false},"typeProperties":{"dataflowId":"ad0538c5-5548-4849-9a4a-12c328f7c907","workspaceId":"e406e233-b34a-489d-8cd5-8851d4e2a74a","notifyOption":"NoNotification","dataflowType":"DataflowFabric"}},{"name":"Wait_05_sec","type":"Wait","dependsOn":[{"activity":"forecast_crawler","dependencyConditions":["Succeeded"]}],"typeProperties":{"waitTimeInSeconds":5}}],"lastModifiedByObjectId":"cbc5a11c-083f-40f1-ba04-a7558f8f837c","lastPublishTime":"2025-08-30T18:43:27Z"},"dependsOn":[]}]}